SNo,Age,Gender,Income,Employment,LoanAmount,LoanTerm,InterestRate,CreditScore,DTI,PastDefaults,NumLoans,Savings,EMI,Default
1,60,Male,59009,Unemployed,49199,48,5.88,846,0.56,2,2,42432,1961,1
2,50,Male,113309,Full-time,13210,12,18.87,378,0.29,3,3,26108,563,1
3,36,Female,92046,Full-time,49363,60,17.96,712,0.42,0,1,1493,259,1
4,64,Male,136661,Part-time,17743,48,9.63,845,0.32,2,4,17465,1705,0
5,29,Female,56143,Self-employed,47092,36,18.63,468,0.32,0,2,40767,1473,1
6,42,Female,36154,Part-time,49299,60,23.8,814,0.26,1,5,30550,759,1
7,60,Male,51804,Self-employed,11588,48,5.94,613,0.48,2,5,14833,316,1
8,40,Male,71688,Full-time,8311,60,11.39,331,0.57,1,1,3970,1962,1
9,44,Male,94288,Unemployed,27432,24,13.76,586,0.57,2,3,33779,1073,1
10,32,Female,81195,Part-time,38755,24,22.99,342,0.19,0,3,30958,1114,1
11,32,Male,50581,Unemployed,8321,12,24.25,300,0.54,3,1,49319,1167,1
12,45,Female,82648,Part-time,20812,12,13.88,569,0.47,0,5,18145,1198,1
13,57,Female,60087,Full-time,42383,24,20,479,0.23,0,5,36953,1768,0
14,61,Female,79930,Full-time,18146,60,15.63,817,0.13,0,3,2806,243,0
15,45,Male,62981,Full-time,18654,24,15.76,402,0.23,2,2,6664,708,1
16,24,Male,99298,Part-time,40820,12,10.56,309,0.56,3,4,29900,1388,1
17,43,Female,76167,Self-employed,5726,24,9.34,389,0.42,1,2,15126,1591,0
18,23,Male,105304,Part-time,8760,24,10.76,525,0.46,0,5,46662,1515,1
19,45,Male,73408,Self-employed,27190,60,16.13,425,0.23,2,2,6154,1048,1
20,51,Male,69499,Part-time,6875,48,5.58,508,0.46,1,4,23208,1116,1
21,59,Female,82269,Part-time,28377,12,23.14,396,0.11,0,2,14767,1097,1
22,23,Female,68559,Full-time,9033,60,8.13,373,0.29,1,2,21043,998,1
23,42,Male,,Unemployed,43211,24,9.4,490,0.41,0,2,48994,1075,1
24,54,Female,104319,Unemployed,22373,24,15.37,355,0.17,1,2,2525,1960,1
25,33,Male,141925,Self-employed,8744,48,19.2,,0.51,1,1,34528,485,1
26,43,Male,125317,Unemployed,29995,12,6.91,826,0.22,3,5,17978,1427,0
27,46,Male,126347,Part-time,21977,12,11.35,583,0.43,3,4,47648,883,1
28,48,Male,78787,Part-time,37402,36,24.37,793,0.3,0,5,2055,1747,0
29,63,Female,65488,Full-time,39542,12,10.25,486,0.4,2,1,11046,1018,1
30,49,Female,104441,Full-time,15651,48,11.26,797,0.15,3,1,36851,320,1
31,37,Female,104663,Unemployed,38703,36,21.73,741,0.11,1,1,16678,1144,1
32,36,Male,52431,Self-employed,18395,36,6,429,0.55,3,1,45876,1979,1
33,24,Male,91681,Unemployed,34808,24,14.29,591,0.23,3,2,27624,1887,1
34,58,Male,93483,Unemployed,41576,24,12.59,413,0.51,0,5,43418,1887,1
35,28,Female,79153,Unemployed,21715,12,11.33,498,0.6,3,3,,1217,1
36,42,Male,36368,Unemployed,49409,36,10.71,312,0.21,3,4,6255,1411,1
37,30,Female,57424,Part-time,29306,24,6.83,570,0.23,1,1,10411,1106,1
38,60,Female,142360,Self-employed,24086,48,11.3,514,0.43,3,5,43459,212,1
39,39,Female,75004,Part-time,19376,24,5.86,743,0.58,1,1,37163,802,1
40,25,Female,113869,Self-employed,10889,24,20.62,811,0.56,3,1,34971,399,1
41,46,Female,118652,Full-time,42822,36,12.96,746,0.35,3,1,32235,785,0
42,35,Female,142755,Unemployed,41636,36,13.88,373,0.5,2,1,20194,1991,1
43,30,Male,86985,Part-time,25584,60,22.87,836,0.17,3,1,20476,1679,1
44,47,Male,80069,Self-employed,39610,48,18.16,400,0.59,1,4,4044,647,1
45,23,Female,82326,Full-time,15058,36,5.16,475,0.58,1,5,41040,1040,1
46,41,Female,138737,Full-time,14101,12,23.86,,0.18,0,1,22057,1294,0
47,49,Male,111061,Unemployed,17497,48,9.74,416,0.25,0,1,4514,789,1
48,28,Female,53398,Self-employed,9658,48,7.15,465,0.15,2,1,10990,1353,1
49,29,Female,128393,Part-time,16381,36,20.36,340,0.24,1,1,39960,1088,0
50,56,Male,80861,Unemployed,45312,48,15.01,728,0.51,1,2,44535,242,1
51,35,Female,105897,Part-time,45486,36,13.68,643,0.29,1,2,8507,719,0
52,38,Female,111905,Full-time,22154,24,9.99,723,0.14,2,3,5857,1236,1
53,57,Female,98577,Part-time,24539,60,15.95,665,0.27,1,1,13118,924,0
54,61,Male,95641,Part-time,16777,24,10.49,419,0.59,0,3,,822,1
55,25,Male,39078,Unemployed,39396,36,23.03,528,0.41,2,4,27401,1187,1
56,23,Male,55003,Part-time,35373,36,9.3,429,0.31,0,3,27177,1002,1
57,27,Female,92768,Unemployed,38154,24,22.69,651,0.18,0,5,39524,734,0
58,63,Female,81047,Full-time,11031,12,16.19,617,0.59,2,2,5414,501,1
59,25,Male,101626,Unemployed,32997,12,21.57,636,0.51,3,2,18494,1989,1
60,50,Female,87660,Unemployed,11439,12,19.26,572,0.24,3,1,21437,726,1
61,39,Female,134386,Self-employed,27785,36,18.93,416,0.14,0,1,4937,1865,1
62,47,Female,79786,Part-time,18392,48,11.49,667,0.13,3,4,37731,1796,0
63,55,Female,31925,Full-time,33669,36,9.68,393,0.16,1,4,22326,1338,1
64,31,Female,113976,Unemployed,33939,48,9.22,467,0.39,2,5,39665,659,1
65,57,Male,135221,Full-time,7282,24,22.14,640,0.56,0,1,9974,1031,1
66,35,Female,147832,Self-employed,39624,60,21.41,451,0.35,1,1,48145,704,0
67,52,Male,56015,Part-time,29364,48,13.81,,0.52,3,4,18500,1531,1
68,36,Female,63320,Unemployed,6998,12,7.65,795,0.32,1,4,49824,1131,0
69,29,Male,94881,Part-time,36705,36,12.65,400,0.45,3,4,2750,524,1
70,35,Female,120827,Self-employed,43244,24,17.39,381,0.47,0,2,,778,1
71,44,Male,132215,Self-employed,14428,12,14.09,828,0.19,1,3,45296,960,0
72,61,Female,56289,Full-time,42437,24,20.6,372,0.28,2,3,6745,1398,1
73,42,Male,33389,Unemployed,17336,60,24.95,,0.42,0,1,22448,1050,1
74,37,Female,55683,Full-time,14342,36,8.82,732,0.14,1,2,43447,1737,0
75,39,Male,43629,Self-employed,44832,36,14.19,456,0.28,1,4,29451,1395,1
76,45,Female,91550,Part-time,12446,60,13.62,,0.37,3,1,29207,1159,1
77,47,Male,54826,Full-time,43392,36,11.09,637,0.6,0,2,6938,701,0
78,46,Male,130734,Full-time,12461,48,8.96,703,0.34,0,5,13150,533,0
79,62,Female,56630,Part-time,39587,24,6.31,675,0.51,0,2,14406,483,1
80,50,Female,128762,Full-time,15516,12,22.74,406,0.32,0,1,20781,674,1
81,36,Male,76163,Part-time,18749,60,13.4,564,0.5,3,3,38621,1277,1
82,22,Female,128511,Unemployed,22514,48,14.94,,0.4,2,4,19325,1681,1
83,46,Male,96435,Part-time,40426,12,23.34,378,0.54,0,5,4148,1802,1
84,28,Male,41653,Unemployed,41268,12,20.53,454,0.31,3,2,29879,1643,1
85,30,Male,57961,Part-time,29950,60,7.61,546,0.4,2,1,8933,1837,1
86,45,Female,111941,Self-employed,39888,48,16.31,830,0.42,2,1,10436,831,0
87,22,Male,104137,Self-employed,41788,12,13.85,837,0.31,3,4,18669,902,1
88,29,Male,63662,Unemployed,15213,12,20.94,453,0.17,0,1,7474,608,1
89,45,Female,128818,Unemployed,41027,48,19.48,453,0.15,2,1,48447,1181,1
90,32,Female,86446,Self-employed,33011,36,18.81,391,0.11,0,4,,1527,1
91,38,Female,51288,Unemployed,47849,12,11.81,732,0.54,0,5,34538,758,1
92,29,Female,125081,Part-time,39591,24,21.1,637,0.22,1,3,2843,421,0
93,56,Male,66877,Part-time,22858,48,6.05,779,0.21,0,3,1073,1756,0
94,56,Male,141562,Self-employed,23626,12,8.19,430,0.47,1,2,17059,357,1
95,54,Male,45313,Full-time,18467,60,11.71,749,0.26,2,5,21733,547,1
96,26,Male,110885,Part-time,44758,24,6.54,572,0.35,3,2,41768,1382,0
97,63,Female,102715,Unemployed,8134,12,9.7,476,0.18,1,3,26395,1088,1
98,60,Male,40326,Full-time,21743,24,21.6,348,0.58,3,4,21202,1121,1
99,62,Male,140091,Full-time,20434,24,23.97,654,0.53,2,1,14273,1458,1
100,49,Female,31560,Part-time,15233,36,11.09,607,0.53,0,3,49889,861,1
101,28,Male,109148,Part-time,6141,24,10.29,345,0.3,2,5,34099,604,0
102,30,Male,113186,Full-time,23019,36,10.6,601,0.48,3,3,8512,1480,1
103,29,Male,56745,Full-time,25384,48,10.55,707,0.17,2,5,29231,876,1
104,33,Male,61890,Self-employed,47903,36,5.72,488,0.1,0,5,24274,788,1
105,55,Male,50022,Unemployed,41129,60,23.54,428,0.11,2,5,38699,1820,1
106,54,Male,82579,Self-employed,27967,12,9.27,836,0.39,0,2,46510,757,0
107,44,Female,100316,Part-time,45603,48,13.4,,0.33,1,4,23409,1104,1
108,45,Female,113847,Self-employed,16172,48,5.19,417,0.36,3,3,47194,1270,1
109,58,Male,58380,Self-employed,21390,60,22.16,763,0.1,0,4,6113,1436,1
110,56,Male,140198,Self-employed,8267,36,19.62,443,0.31,0,1,42187,678,0
111,61,Female,32356,Self-employed,44332,12,23.94,741,0.46,2,3,3881,686,1
112,43,Male,100326,Unemployed,31167,36,20.63,499,0.32,1,4,46913,1794,0
113,48,Male,122447,Unemployed,26312,24,11.27,456,0.47,0,4,47324,765,1
114,56,Male,144994,Full-time,32840,36,9.96,786,0.22,1,1,20249,1565,1
115,22,Female,119899,Part-time,23990,48,18.95,433,0.51,1,5,36343,723,1
116,56,Male,50049,Self-employed,49179,12,12.28,447,0.39,2,3,,903,1
117,58,Female,105717,Full-time,10906,36,16.32,635,0.21,0,3,39953,1726,0
118,35,Male,135361,Full-time,45379,12,5.13,370,0.22,2,1,9656,1229,1
119,24,Female,46082,Full-time,22297,12,6.24,532,0.41,3,5,6741,1020,1
120,22,Female,,Unemployed,7011,24,15.71,633,0.51,3,3,17661,1367,1
121,26,Male,67412,Self-employed,49014,24,16.32,389,0.31,0,3,32555,1057,1
122,47,Female,144015,Self-employed,16738,48,20.03,633,0.23,1,3,29690,1484,0
123,35,Male,32920,Part-time,33797,60,7.64,498,0.53,0,5,33833,784,1
124,60,Female,121194,Self-employed,16120,12,15.26,460,0.43,0,1,38030,885,1
125,48,Male,,Self-employed,13767,60,8.89,837,0.32,3,3,6704,431,1
126,30,Male,90315,Full-time,27852,48,6.86,420,0.34,3,4,49123,469,1
127,36,Female,109561,Part-time,18703,12,13.21,600,0.2,1,5,42362,1139,0
128,36,Male,38946,Self-employed,5929,12,8.27,,0.41,1,2,13175,1670,0
129,47,Male,124242,Unemployed,16951,60,9.44,367,0.28,0,1,13696,1073,1
130,63,Female,75500,Self-employed,31039,36,11.35,758,0.6,2,4,40023,1445,1
131,34,Male,134540,Full-time,34504,24,10.19,813,0.34,0,3,41209,251,1
132,53,Male,46309,Unemployed,22438,36,6.75,697,0.34,1,2,29054,315,0
133,60,Female,,Full-time,10744,60,6.8,,0.38,2,1,22076,737,1
134,53,Female,141822,Self-employed,23284,24,8.86,439,0.56,3,5,15986,1788,1
135,25,Male,128656,Unemployed,47417,36,6.01,581,0.5,1,2,47118,740,0
136,51,Male,60027,Part-time,44748,24,17.53,756,0.33,1,2,15440,1242,0
137,58,Female,102541,Part-time,12069,12,10.75,386,0.46,2,4,8960,1014,1
138,44,Female,142340,Unemployed,47359,36,10.59,378,0.39,1,1,23462,1615,1
139,60,Male,144846,Unemployed,24799,24,11.64,504,0.35,1,4,18821,990,1
140,36,Female,89321,Full-time,38210,24,18.26,636,0.2,1,4,28258,1852,0
141,64,Male,30956,Unemployed,33226,24,22.41,553,0.33,1,3,28353,817,1
142,50,Male,130375,Full-time,9652,36,20.18,603,0.22,1,5,24416,618,1
143,57,Male,104131,Self-employed,29323,48,19.55,679,0.56,1,2,23115,508,1
144,34,Male,77908,Full-time,47138,36,14.69,429,0.27,1,1,47433,1962,0
145,53,Male,108339,Unemployed,12597,60,18.88,575,0.58,1,5,25968,1063,1
146,28,Female,55963,Unemployed,42226,36,16.06,482,0.37,3,5,23731,385,1
147,43,Female,131757,Self-employed,11591,24,9.33,567,0.42,1,1,23785,460,1
148,49,Female,69443,Unemployed,30833,12,9.17,621,0.37,3,5,40397,1751,0
149,23,Female,129259,Unemployed,16826,36,10.93,811,0.16,3,3,14828,1496,1
150,63,Male,69063,Part-time,31417,36,23.22,377,0.29,0,5,5541,359,1
151,27,Male,144225,Part-time,23693,24,15.95,638,0.15,0,3,41644,1069,0
152,49,Male,146400,Self-employed,19138,12,19.68,808,0.41,3,2,14311,961,1
153,49,Male,110818,Full-time,7169,12,11.93,537,0.32,3,2,31531,423,1
154,41,Female,34703,Part-time,23556,60,13.15,433,0.49,1,4,15588,1479,1
155,51,Male,95128,Full-time,27052,36,7.51,491,0.21,0,3,13380,379,1
156,32,Male,102099,Unemployed,11313,12,8.43,655,0.18,2,2,43645,219,0
157,49,Female,55849,Part-time,13315,12,21.55,577,0.3,0,5,18818,1847,0
158,46,Female,61860,Self-employed,13036,48,16.7,317,0.56,3,1,31857,831,1
159,60,Female,61585,Self-employed,36778,48,11.75,823,0.46,3,1,22711,1929,1
160,54,Female,52015,Self-employed,32734,12,21.06,479,0.31,1,3,6097,1691,1
161,22,Male,107539,Part-time,28173,60,9.93,422,0.36,1,4,29393,1846,1
162,48,Male,73585,Full-time,35403,12,24.52,545,0.14,0,5,23076,1433,0
163,34,Female,56958,Unemployed,5785,24,11.9,672,0.59,1,3,19738,1736,1
164,62,Male,56017,Full-time,11139,36,11.75,350,0.43,2,1,30317,257,1
165,24,Male,106707,Full-time,11344,60,11.24,370,0.24,2,3,40229,1316,0
166,60,Male,75350,Unemployed,23800,24,7.44,779,0.39,1,5,8044,1444,0
167,27,Female,42201,Unemployed,30372,60,7.22,318,0.15,2,2,6497,922,1
168,29,Male,59426,Part-time,25538,24,17.96,383,0.58,2,5,14751,1455,1
169,48,Female,47778,Part-time,19973,36,22.5,454,0.19,0,2,30882,1997,1
170,30,Male,75241,Part-time,10619,36,20.81,656,0.42,2,2,43072,1587,1
171,58,Male,72229,Part-time,39704,48,7.82,742,0.22,3,2,44194,814,1
172,54,Male,116652,Part-time,41575,24,15.91,368,0.46,3,3,44826,761,1
173,63,Female,148402,Unemployed,44919,48,7.11,822,0.49,0,1,23449,573,0
174,45,Male,,Full-time,47261,24,5.91,442,0.44,1,3,45028,821,0
175,36,Female,128833,Part-time,32716,48,18.13,491,0.41,0,1,34402,1679,1
176,53,Female,114878,Part-time,8236,36,15.7,686,0.55,1,5,33543,287,0
177,53,Female,,Full-time,20848,60,6.64,677,0.14,1,4,30362,1243,0
178,45,Male,57490,Part-time,7352,48,5.7,834,0.27,1,5,28315,1213,1
179,62,Male,49975,Full-time,6932,24,24.8,592,0.22,1,3,28746,213,1
180,33,Male,56723,Full-time,15913,24,5.6,308,0.59,1,3,11057,332,1
181,60,Male,53279,Unemployed,13556,36,13.89,570,0.29,0,1,47113,1257,0
182,23,Female,108301,Self-employed,26300,24,15.09,686,0.47,1,3,43915,1091,1
183,24,Female,142214,Unemployed,10498,12,7.35,392,0.44,2,2,22061,1431,1
184,58,Female,41561,Self-employed,15582,60,8.38,828,0.21,2,3,35157,1422,0
185,38,Male,137435,Self-employed,14569,48,12.04,453,0.22,1,1,46839,791,1
186,23,Female,96061,Self-employed,9857,60,20.23,704,0.24,2,1,12322,782,1
187,23,Male,118397,Part-time,5340,36,15.14,448,0.31,3,2,5276,1378,1
188,49,Female,79153,Unemployed,48949,48,17.76,566,0.22,0,1,13306,1813,0
189,44,Male,63142,Self-employed,21766,48,24.7,721,0.11,0,4,35017,1301,0
190,58,Male,56916,Full-time,31132,12,20.36,771,0.54,1,5,28742,1395,1
191,53,Female,94324,Part-time,13491,36,13.69,846,0.58,1,3,32600,488,1
192,54,Female,74965,Unemployed,5138,24,13.93,825,0.27,3,4,18629,1768,1
193,22,Female,34648,Self-employed,5358,12,17.38,802,0.27,1,3,9245,1212,1
194,40,Female,65133,Full-time,14714,12,18.31,313,0.1,2,4,32414,1078,1
195,23,Male,80677,Unemployed,24840,60,15.01,663,0.44,3,3,44870,1643,1
196,47,Female,126059,Unemployed,39395,60,17.9,418,0.51,2,2,31098,206,1
197,53,Female,124588,Part-time,35654,60,5.47,537,0.17,0,1,49994,1383,0
198,27,Female,129950,Unemployed,30879,12,13.59,845,0.18,2,1,11588,439,0
199,53,Male,128317,Part-time,20996,24,10.58,468,0.5,0,2,1442,1646,1
200,25,Male,100135,Self-employed,42772,48,7.58,821,0.41,2,4,40744,735,1
201,32,Female,65046,Part-time,31762,60,6.99,815,0.12,0,5,38443,1949,0
202,38,Male,77064,Full-time,18283,24,17.06,696,0.41,1,4,12803,269,0
203,59,Female,131459,Part-time,44420,36,15.47,405,0.25,2,1,41721,415,1
204,45,Male,136625,Full-time,24554,60,10.07,384,0.28,0,5,38145,1327,1
205,26,Male,99350,Part-time,25219,48,14.42,,0.48,2,3,11599,1950,1
206,55,Male,75893,Unemployed,39919,36,14.84,,0.51,3,5,8058,1277,1
207,27,Male,131520,Self-employed,14429,36,8.9,431,0.3,1,4,18206,1005,1
208,43,Female,,Full-time,49695,48,18.04,496,0.57,0,2,12894,529,1
209,32,Female,122152,Part-time,44673,60,20.62,318,0.3,3,3,,1047,1
210,37,Female,97649,Part-time,24218,12,20.83,311,0.49,2,4,23149,1426,1
211,54,Male,94674,Part-time,17452,48,17.05,380,0.34,3,3,2031,1511,1
212,30,Female,149044,Unemployed,23951,48,15.23,629,0.55,2,5,11208,244,1
213,27,Female,138542,Unemployed,6307,48,6.22,691,0.55,1,1,1562,1028,1
214,37,Female,43760,Full-time,19852,36,10.76,606,0.14,3,4,44498,397,1
215,50,Male,51927,Full-time,30232,24,6.87,566,0.57,1,2,21951,1439,1
216,24,Male,116475,Unemployed,40428,12,24.28,746,0.51,0,5,49920,1704,1
217,41,Male,91367,Full-time,48171,60,7.7,740,0.5,2,4,47766,1532,1
218,57,Female,127955,Self-employed,31485,60,8.04,301,0.2,2,2,29351,1095,1
219,40,Female,,Self-employed,15238,24,22.79,819,0.5,1,4,19680,1658,1
220,47,Female,131678,Unemployed,43975,48,23.88,608,0.53,1,5,22586,531,1
221,24,Male,134734,Full-time,6140,12,20.32,821,0.24,0,4,10308,895,1
222,40,Male,148154,Part-time,29842,60,5.11,768,0.58,3,3,10609,226,1
223,41,Female,82233,Self-employed,31421,60,5.03,511,0.12,2,5,30495,1389,1
224,53,Male,74738,Unemployed,6708,48,12.56,411,0.17,2,4,18675,517,1
225,28,Male,63397,Full-time,8630,24,7.87,307,0.37,0,1,29064,1497,1
226,62,Male,112189,Unemployed,24595,12,5.37,776,0.39,0,4,9720,1606,0
227,54,Male,106367,Part-time,15485,24,14.28,,0.42,1,3,43940,564,0
228,61,Female,101260,Self-employed,33308,24,23.86,,0.11,1,2,15457,1326,0
229,60,Male,106619,Unemployed,49789,12,11.48,,0.58,3,2,3939,1159,1
230,39,Male,141453,Unemployed,31086,12,18.22,737,0.12,0,2,48113,1726,0
231,61,Male,49816,Unemployed,21859,60,18.04,535,0.17,3,1,49926,572,1
232,22,Male,72240,Part-time,12684,60,10.02,605,0.11,0,3,39203,1839,0
233,32,Female,36276,Unemployed,30552,12,18.01,777,0.38,2,5,24365,444,1
234,49,Female,,Part-time,6207,36,9.25,319,0.57,0,2,6392,1392,1
235,46,Male,134199,Part-time,6960,60,7.44,515,0.43,0,3,26905,1851,1
236,44,Male,109530,Part-time,5557,36,19.03,434,0.51,2,4,8972,1876,1
237,52,Male,53499,Self-employed,34689,12,7.27,428,0.11,0,1,31653,1641,1
238,51,Male,118576,Self-employed,18893,60,24.94,709,0.37,3,3,27329,1579,0
239,63,Male,138856,Unemployed,37272,24,8.67,721,0.33,1,3,20184,677,1
240,56,Male,112495,Unemployed,5882,12,16.88,593,0.35,1,5,15799,324,1
241,28,Female,101635,Self-employed,42529,48,13.23,545,0.14,3,3,16052,736,1
242,37,Male,137803,Full-time,43635,36,7.53,385,0.44,2,5,7044,905,1
243,47,Female,115112,Self-employed,34535,12,5.56,674,0.35,0,1,20871,1835,0
244,23,Female,65946,Part-time,17869,12,17.45,745,0.48,3,1,24767,1625,1
245,22,Male,85204,Self-employed,12166,60,21.14,677,0.34,1,4,,1740,0
246,33,Female,,Part-time,17982,60,21.84,689,0.17,1,5,21234,730,0
247,26,Female,101652,Unemployed,45697,60,14.65,350,0.42,3,5,22381,1905,1
248,58,Female,45563,Full-time,43115,48,20.55,541,0.19,1,2,18274,985,1
249,53,Female,122324,Unemployed,12269,60,18.46,593,0.54,3,2,47626,453,1
250,30,Female,122464,Part-time,33064,12,19.49,,0.41,1,4,23304,320,0
251,62,Female,131872,Part-time,18527,60,14.85,419,0.18,3,1,18572,1255,1
252,56,Male,39847,Part-time,7454,24,17.67,547,0.58,0,2,39412,860,1
253,40,Female,56155,Full-time,25878,60,21.11,369,0.36,0,3,26965,1260,1
254,37,Female,109671,Self-employed,17991,48,12.96,356,0.14,0,1,19384,1912,1
255,24,Female,146891,Unemployed,7808,24,21.12,681,0.41,0,3,18855,1565,0
256,41,Male,113310,Unemployed,44410,12,16.84,338,0.23,1,5,18920,1236,1
257,45,Female,97278,Self-employed,41593,12,8.32,742,0.5,2,1,17702,1406,1
258,54,Male,48309,Unemployed,41304,36,5.49,317,0.51,3,4,38921,1880,1
259,45,Female,30619,Full-time,35386,24,12.26,651,0.59,2,5,2894,1488,1
260,32,Male,113194,Unemployed,8802,36,15.93,597,0.35,1,5,31985,287,0
261,29,Male,80108,Part-time,33753,24,21.8,582,0.33,1,3,29287,1685,1
262,57,Female,64707,Self-employed,26083,24,7.55,409,0.48,2,5,8991,245,1
263,59,Female,50337,Full-time,23354,48,21,479,0.17,2,2,16439,1615,1
264,61,Male,111537,Self-employed,27190,36,22.26,843,0.37,1,1,30084,1342,0
265,41,Female,96504,Full-time,11142,48,8.01,324,0.37,1,2,43235,1132,1
266,56,Male,77614,Part-time,33398,24,22.03,356,0.14,3,3,28659,1754,1
267,46,Male,121428,Self-employed,46862,12,24.83,,0.31,0,3,25976,1670,1
268,56,Male,121155,Unemployed,38132,24,19.54,531,0.53,0,1,39703,1955,1
269,46,Male,30281,Full-time,24503,48,20.7,642,0.53,3,5,18107,944,1
270,50,Male,57420,Self-employed,39631,36,24.89,776,0.15,2,4,3329,1829,0
271,39,Female,110896,Unemployed,21499,36,17.11,754,0.15,1,3,43095,1166,0
272,39,Male,69030,Self-employed,44852,48,11.16,531,0.23,2,1,3770,962,1
273,23,Male,31058,Self-employed,13016,36,21.75,588,0.54,0,4,,961,1
274,56,Female,116213,Self-employed,7384,60,17.29,512,0.16,0,5,17651,993,1
275,37,Male,106260,Full-time,20072,12,16.62,557,0.46,2,3,15633,943,1
276,62,Female,58404,Unemployed,41703,12,10.07,829,0.15,0,1,14628,1269,0
277,57,Female,133482,Part-time,19482,12,20.13,528,0.41,1,1,1569,1731,1
278,54,Female,135284,Full-time,45510,36,6.63,525,0.28,3,1,2973,757,1
279,25,Male,59856,Full-time,26826,36,23.49,734,0.49,2,3,36590,725,1
280,54,Male,39200,Full-time,7490,24,11.52,701,0.22,1,4,34038,796,0
281,35,Male,94178,Part-time,30518,24,7.56,387,0.42,1,1,8641,1039,1
282,42,Female,63997,Unemployed,29045,12,13.85,841,0.22,0,5,9930,202,1
283,41,Male,55611,Unemployed,31910,60,5.85,608,0.46,1,1,7680,1251,1
284,29,Female,149273,Unemployed,29566,24,18.69,642,0.54,2,4,2257,1604,1
285,28,Male,,Self-employed,38905,24,23.05,735,0.16,1,3,9250,356,0
286,24,Female,147428,Self-employed,32103,36,21.75,476,0.53,3,1,,1054,1
287,38,Male,65057,Self-employed,41188,60,7.55,438,0.4,1,1,29757,710,1
288,54,Male,31239,Part-time,10845,12,7.53,,0.16,1,5,5858,1556,1
289,33,Male,133674,Self-employed,26162,24,21.27,485,0.31,3,5,42349,886,1
290,43,Female,144474,Part-time,41674,60,23.49,517,0.18,1,1,14491,1337,1
291,43,Female,95661,Unemployed,24337,60,14.21,463,0.45,1,1,26294,1612,1
292,51,Male,75272,Self-employed,27313,12,14.98,460,0.48,0,5,46204,1710,1
293,59,Male,119393,Self-employed,31943,60,11.37,824,0.15,2,4,46638,1473,1
294,59,Female,91212,Full-time,17413,60,22.89,341,0.35,0,2,7908,770,1
295,29,Female,45398,Part-time,5276,60,17.9,509,0.51,2,2,11844,914,1
296,48,Female,86503,Unemployed,22611,24,10.77,574,0.57,3,1,38629,1538,1
297,48,Male,36638,Full-time,44105,12,10.98,578,0.36,3,5,3911,438,1
298,55,Female,36570,Full-time,16944,60,22.82,550,0.58,3,3,9991,1457,1
299,42,Male,98785,Unemployed,20906,60,5.27,,0.37,2,3,12572,502,1
300,51,Female,39110,Full-time,25536,24,11.45,439,0.3,2,2,44066,806,1
301,54,Male,135899,Part-time,32810,12,16.09,845,0.52,2,4,30693,1190,0
302,49,Female,109141,Part-time,17306,36,7.96,829,0.35,3,2,41004,1876,1
303,54,Female,42115,Self-employed,15503,24,6.84,356,0.34,2,1,39333,533,1
304,26,Female,69062,Full-time,24225,12,21.31,411,0.35,1,4,18493,312,1
305,40,Female,52911,Self-employed,41976,60,22.89,304,0.52,0,3,40697,1844,1
306,25,Female,134061,Full-time,16590,12,21.47,709,0.52,3,5,18634,561,1
307,56,Male,62556,Part-time,15886,12,22.98,713,0.3,0,5,25561,1000,1
308,38,Female,108131,Part-time,17866,12,16.06,481,0.27,1,1,19033,296,1
309,49,Female,31969,Part-time,6088,36,21.25,312,0.35,2,2,8351,215,1
310,51,Female,73753,Full-time,8363,12,12.68,638,0.39,0,1,26921,755,1
311,50,Male,112811,Part-time,37792,36,18.33,558,0.22,1,5,20340,575,0
312,27,Female,34470,Full-time,14764,60,24.78,389,0.5,1,3,15901,941,1
313,56,Male,40225,Self-employed,25620,36,9.51,549,0.34,0,5,11638,589,1
314,62,Female,137860,Full-time,47727,60,12.8,554,0.27,3,4,39596,819,0
315,58,Female,137510,Self-employed,17935,60,14.6,407,0.15,0,5,22378,1440,1
316,45,Male,138295,Full-time,13068,36,7.76,784,0.22,3,5,45324,1622,0
317,50,Female,53196,Self-employed,12295,24,6.62,557,0.57,2,4,23820,1483,1
318,52,Male,135823,Part-time,46160,48,21.59,581,0.25,3,2,26060,1023,1
319,56,Male,43669,Self-employed,16390,12,24.54,387,0.18,2,5,33642,519,1
320,54,Female,67380,Part-time,46216,48,13.09,,0.33,0,1,26378,395,1
321,42,Male,140677,Part-time,25131,12,6.75,315,0.25,2,5,9150,1701,1
322,53,Female,145886,Self-employed,34218,12,6.32,450,0.12,1,1,43875,617,1
323,44,Female,78320,Full-time,15433,60,22.83,553,0.26,2,4,25059,1698,1
324,54,Male,77414,Full-time,20038,12,14.28,487,0.37,3,5,35525,806,1
325,24,Male,,Unemployed,33182,12,11.4,628,0.38,3,4,19193,767,0
326,39,Male,45577,Full-time,16528,36,14.53,,0.28,3,4,44967,743,1
327,46,Male,118009,Unemployed,26281,48,11.37,696,0.32,2,2,28801,430,1
328,63,Female,85409,Full-time,13605,36,14.78,816,0.58,3,5,27246,1083,1
329,52,Female,58625,Full-time,39782,12,22.19,758,0.29,3,1,13807,720,1
330,24,Male,111040,Part-time,6381,60,16.85,629,0.23,1,1,18535,902,0
331,61,Female,54089,Unemployed,6098,36,18.89,468,0.22,2,5,6492,1423,1
332,45,Female,66487,Full-time,24810,36,12.29,665,0.33,1,2,32357,1045,0
333,53,Female,95838,Unemployed,29322,24,19.77,477,0.48,3,2,7302,872,1
334,43,Female,126999,Part-time,46869,12,18.33,661,0.2,3,2,33314,1822,0
335,44,Male,140448,Part-time,37955,60,7.39,339,0.45,3,1,49697,220,1
336,23,Male,124795,Unemployed,49716,36,16.45,715,0.11,2,4,5747,1534,1
337,48,Female,80138,Part-time,15207,36,10.13,654,0.31,0,2,48006,787,0
338,63,Male,72823,Self-employed,26793,60,21.08,554,0.49,3,1,42170,1097,1
339,23,Male,67208,Self-employed,7092,12,13.52,442,0.27,3,1,11686,1876,1
340,47,Male,84061,Part-time,33220,24,24.89,310,0.38,3,4,38449,1861,1
341,38,Female,60659,Self-employed,23514,36,6.85,325,0.2,3,5,19891,1986,1
342,61,Female,131376,Full-time,43010,24,20.61,,0.47,2,5,37196,1819,1
343,54,Female,61890,Unemployed,13549,48,18.47,520,0.13,0,2,30928,1657,0
344,30,Male,109134,Full-time,27031,12,20.35,795,0.53,0,2,8494,570,1
345,64,Female,77055,Unemployed,10185,48,11.15,536,0.2,0,4,37723,1783,0
346,60,Female,142269,Part-time,20271,48,14.84,536,0.54,3,2,30877,277,1
347,50,Male,49508,Full-time,10776,48,20.93,518,0.28,3,4,28981,1765,1
348,63,Female,72287,Part-time,17449,12,9.65,786,0.46,0,1,15026,1508,1
349,47,Female,108916,Part-time,29297,12,9.52,760,0.26,0,2,21422,847,1
350,56,Male,56984,Unemployed,45591,60,16.02,443,0.55,3,1,10244,339,1
351,46,Male,140169,Unemployed,20717,24,15.47,488,0.16,3,3,34481,752,1
352,45,Male,38125,Unemployed,45123,24,10.65,554,0.19,1,4,24644,1197,0
353,34,Female,66059,Full-time,44233,60,10.96,367,0.35,1,3,44848,481,1
354,28,Female,99569,Self-employed,15350,60,10.56,635,0.14,1,2,9521,1785,1
355,57,Female,133409,Unemployed,35622,48,20.43,708,0.2,0,1,2746,1481,0
356,41,Male,47087,Unemployed,40323,60,18.04,599,0.57,2,2,18591,1583,1
357,22,Male,136437,Full-time,7951,36,21.65,656,0.59,3,3,27718,639,1
358,29,Female,145262,Unemployed,22622,24,24.51,555,0.29,1,2,,469,1
359,37,Female,35704,Full-time,9727,60,14.48,652,0.56,2,5,13012,1357,1
360,35,Male,90576,Part-time,43454,36,6.33,820,0.37,3,3,15688,945,1
361,33,Male,103384,Unemployed,41469,36,5.96,823,0.23,2,2,,1863,1
362,44,Male,117128,Unemployed,40548,36,10.91,583,0.45,0,1,6036,303,1
363,36,Male,141279,Part-time,28782,36,23.65,611,0.43,0,2,40895,965,0
364,49,Female,102460,Part-time,33454,48,15.46,398,0.59,0,1,30960,294,1
365,55,Male,57208,Part-time,7368,36,10.44,496,0.23,1,5,37486,928,1
366,23,Female,148516,Unemployed,20592,48,12.98,781,0.44,3,2,23159,1796,1
367,53,Female,115150,Self-employed,27173,48,16.97,525,0.13,0,5,8910,679,1
368,44,Female,96024,Self-employed,38204,36,18.06,,0.16,1,3,3693,979,1
369,43,Male,,Self-employed,40596,24,8.08,667,0.1,1,1,16858,1464,0
370,46,Male,55923,Unemployed,39324,36,24.54,374,0.6,1,3,29810,212,1
371,43,Male,144044,Part-time,28864,36,15.9,341,0.5,1,1,21092,1370,1
372,43,Male,131477,Unemployed,35750,36,7.71,721,0.49,0,5,24243,1975,1
373,63,Female,59165,Part-time,15576,24,22.87,480,0.35,1,4,49700,800,1
374,27,Male,97203,Unemployed,21566,12,6.49,844,0.25,0,2,31505,294,0
375,36,Male,121749,Unemployed,12190,12,23.15,370,0.18,0,5,8692,492,1
376,64,Female,34114,Part-time,28071,48,24.93,404,0.24,1,1,29555,224,1
377,58,Male,94965,Self-employed,43333,48,19.01,499,0.29,0,1,7398,1495,1
378,54,Female,66321,Part-time,20369,24,20.41,400,0.48,3,1,8252,1728,1
379,29,Female,103297,Full-time,29035,60,11.75,606,0.37,3,1,12721,1389,0
380,26,Female,126652,Full-time,6589,12,23.83,676,0.14,2,2,18939,1138,1
381,60,Female,129304,Part-time,30235,48,15.59,698,0.11,3,3,12825,961,1
382,25,Female,,Unemployed,5159,12,19.65,520,0.15,0,4,26251,1310,1
383,27,Female,55426,Full-time,17145,24,23.48,481,0.31,0,2,37955,853,0
384,53,Female,47772,Full-time,20373,24,24.5,606,0.57,3,1,25151,1869,1
385,51,Female,133754,Unemployed,36921,60,21.66,,0.42,1,2,1036,1184,0
386,56,Male,33712,Unemployed,44323,60,11.06,,0.5,1,5,29412,837,1
387,61,Male,31367,Self-employed,21237,24,24.33,303,0.33,0,1,19171,690,1
388,37,Male,136493,Unemployed,46971,48,17.56,580,0.28,1,4,40051,1364,0
389,34,Male,137317,Part-time,13244,12,23.61,514,0.15,2,1,33761,1326,1
390,63,Female,145142,Part-time,19743,36,18.52,719,0.54,2,4,16202,1449,1
391,51,Male,121736,Self-employed,36566,60,11.14,400,0.49,3,4,9060,774,1
392,40,Female,81924,Full-time,23691,36,12.4,820,0.18,3,3,9065,493,1
393,38,Male,33726,Full-time,38996,48,16.01,608,0.36,1,3,30873,1095,0
394,40,Male,119152,Unemployed,10590,60,20.8,809,0.34,0,2,37648,1529,0
395,49,Male,57723,Part-time,10585,36,11.36,362,0.41,3,2,6932,1477,1
396,47,Female,133110,Full-time,14227,48,16.59,525,0.57,2,4,27470,1403,1
397,58,Male,,Self-employed,33278,12,11.91,404,0.39,3,1,9328,239,1
398,47,Female,,Self-employed,43814,48,21.32,724,0.37,3,5,7333,975,1
399,44,Female,107714,Part-time,17237,60,14.33,554,0.13,2,5,47638,1924,1
400,30,Male,65643,Self-employed,20649,24,6.53,728,0.13,0,1,12268,719,0
401,33,Male,61324,Self-employed,42713,12,8.32,733,0.19,3,1,,1839,0
402,22,Male,133896,Part-time,12927,36,6.22,506,0.12,3,3,49384,1960,1
403,22,Female,113360,Unemployed,12016,60,14.99,327,0.47,3,5,45843,745,1
404,55,Male,140896,Unemployed,19027,24,7.13,635,0.46,1,4,18045,435,0
405,53,Female,38927,Self-employed,29142,48,7.28,368,0.17,3,2,41741,662,1
406,46,Female,123680,Unemployed,28545,24,23.82,812,0.52,2,3,23770,1451,1
407,61,Male,126546,Unemployed,36897,60,22.45,466,0.18,0,5,43770,1923,1
408,22,Male,52443,Self-employed,8167,60,14.04,667,0.25,0,1,8887,682,0
409,37,Female,109973,Unemployed,49757,24,24.72,550,0.22,2,5,34182,629,0
410,60,Female,93449,Self-employed,31917,48,5,469,0.29,1,4,33370,1245,1
411,26,Female,139834,Full-time,27736,24,17.28,,0.23,2,3,40618,542,1
412,43,Male,135314,Part-time,32990,60,17.33,745,0.34,0,1,25918,1263,1
413,50,Female,106743,Part-time,19087,60,14.15,593,0.3,2,4,36497,1396,1
414,24,Male,90233,Unemployed,27440,36,12.94,449,0.59,1,2,29026,1662,1
415,33,Female,55537,Unemployed,40205,36,14.11,431,0.13,0,3,12929,1402,1
416,47,Female,131293,Unemployed,20275,12,13.3,732,0.17,1,4,48756,1821,0
417,37,Male,107576,Part-time,10276,60,19.61,358,0.13,2,4,37665,332,1
418,58,Female,137522,Full-time,46627,36,7.71,498,0.41,3,1,35937,550,1
419,43,Male,52612,Full-time,45586,24,8.95,514,0.13,2,2,,1748,1
420,50,Male,123977,Part-time,42496,48,8.61,771,0.52,1,4,,1763,1
421,35,Female,36471,Full-time,24008,24,10.25,546,0.36,2,3,13888,705,1
422,49,Male,65631,Part-time,10738,48,15.51,681,0.36,3,4,38338,283,1
423,26,Male,138997,Full-time,37402,36,7.22,538,0.38,1,5,35283,1192,0
424,51,Female,122059,Self-employed,10793,12,22.36,666,0.19,2,3,17958,1687,1
425,26,Male,61348,Self-employed,42291,24,10.95,467,0.2,1,3,13634,1029,1
426,33,Male,94732,Part-time,10571,24,8.25,350,0.26,1,4,20251,1060,1
427,37,Male,31177,Full-time,36331,24,18.51,679,0.4,0,1,47566,542,0
428,47,Female,34760,Unemployed,21209,48,5.76,773,0.21,0,3,20928,1503,1
429,47,Male,62779,Full-time,30394,36,17.4,379,0.16,1,5,38245,1065,1
430,42,Female,51636,Self-employed,48148,24,18.96,666,0.59,2,1,17455,1486,1
431,60,Female,111889,Self-employed,30682,24,9.3,760,0.11,2,1,28144,1389,1
432,57,Male,83551,Full-time,7224,12,5.84,838,0.5,2,1,29013,492,1
433,54,Male,41556,Full-time,46157,12,12.27,751,0.49,3,3,22876,1732,1
434,51,Male,57598,Unemployed,49452,36,6.97,763,0.25,1,1,27962,1803,0
435,58,Female,41563,Unemployed,48408,36,7.33,777,0.17,1,4,29084,1449,0
436,44,Male,76819,Full-time,37441,60,10.09,719,0.17,3,1,,1393,0
437,31,Male,139326,Full-time,46430,12,10.91,513,0.45,1,5,22143,797,1
438,26,Male,103770,Full-time,44129,60,15.6,668,0.42,1,2,27091,844,0
439,57,Male,121055,Full-time,39716,48,18.57,413,0.49,3,5,15179,647,1
440,55,Male,56966,Part-time,49859,60,16.86,,0.57,0,3,33807,889,1
441,52,Female,111709,Full-time,31586,24,7.97,610,0.45,1,1,11222,1201,0
442,31,Female,89889,Unemployed,49760,60,8.44,768,0.18,3,1,24949,1054,1
443,40,Male,56987,Self-employed,28478,36,22.58,343,0.22,2,4,17116,701,1
444,53,Male,108714,Part-time,11318,48,16.17,714,0.52,0,1,49817,963,0
445,22,Male,,Full-time,33694,24,22.4,545,0.2,2,5,38564,1750,1
446,26,Male,,Self-employed,25180,60,12.43,383,0.14,1,3,,934,1
447,25,Female,54596,Part-time,17180,48,17.29,506,0.45,0,2,18667,1602,1
448,37,Male,63174,Self-employed,38002,48,15.47,450,0.3,3,1,,1424,1
449,45,Female,94106,Full-time,20372,24,11.38,827,0.56,1,2,30655,1842,1
450,37,Female,137510,Full-time,34796,60,14.4,464,0.43,3,1,48632,449,1
451,23,Male,99967,Unemployed,29427,48,15.05,444,0.15,0,3,15193,1632,1
452,49,Female,89182,Full-time,38290,48,9.02,,0.57,2,5,15676,800,1
453,53,Female,123300,Full-time,33099,12,11.3,632,0.23,1,3,31776,324,0
454,48,Female,117163,Part-time,14821,48,20.83,,0.27,1,2,44225,312,1
455,41,Female,69310,Unemployed,10832,12,23.32,713,0.3,3,1,18199,1180,1
456,45,Male,86088,Part-time,17820,60,12.2,344,0.13,0,2,49812,1360,0
457,33,Male,38906,Self-employed,21211,60,11.14,701,0.35,3,5,16066,1982,1
458,56,Female,66914,Full-time,44890,60,8.9,505,0.16,0,3,,1719,1
459,54,Male,140350,Self-employed,10842,36,18.57,361,0.3,1,2,1246,1901,1
460,54,Male,75379,Part-time,6316,60,11.46,719,0.28,0,2,,349,0
461,64,Male,108612,Full-time,22508,48,24.75,767,0.49,1,5,40284,1074,0
462,58,Male,144828,Full-time,27005,24,11.51,318,0.5,0,1,17800,542,1
463,33,Male,67650,Part-time,20206,12,12.88,664,0.18,2,2,,779,0
464,24,Female,76881,Part-time,23971,36,17.07,599,0.28,0,5,24086,1956,1
465,22,Male,76413,Part-time,30599,60,21.03,306,0.29,2,1,21101,982,1
466,54,Male,36012,Part-time,27056,60,14.39,727,0.18,0,1,17491,520,1
467,61,Male,80115,Part-time,6378,24,13.45,416,0.5,0,3,28207,1021,1
468,31,Male,37151,Full-time,6519,24,24.91,806,0.45,3,5,42798,731,0
469,64,Female,87716,Part-time,27161,36,5.21,845,0.2,3,1,21897,1512,1
470,50,Female,123747,Full-time,45703,12,22.9,624,0.28,1,3,30492,1712,0
471,34,Female,122653,Full-time,43861,60,7.98,354,0.15,3,4,2421,691,1
472,33,Female,66378,Part-time,10355,36,20.72,341,0.41,0,5,33015,811,1
473,52,Male,72652,Part-time,14083,48,17.36,596,0.16,3,4,13970,451,1
474,23,Female,102430,Unemployed,43342,48,11.84,530,0.59,0,1,8283,1300,1
475,56,Male,43467,Full-time,25456,36,22.48,752,0.49,2,5,29488,1870,1
476,44,Male,61010,Part-time,18324,60,5.26,693,0.3,0,3,16945,1615,0
477,38,Male,144793,Part-time,7257,36,9.53,821,0.39,1,1,1255,1635,0
478,47,Male,84691,Part-time,32364,60,16.34,657,0.56,2,5,12019,372,1
479,29,Male,94157,Unemployed,29972,24,12.03,743,0.38,1,5,16487,1074,1
480,50,Female,,Unemployed,31654,36,17.21,427,0.19,1,4,42797,400,1
481,47,Female,42289,Self-employed,20233,60,5.48,704,0.29,1,1,20346,416,0
482,31,Female,74976,Full-time,20887,36,7.33,691,0.52,3,3,36050,575,1
483,47,Female,73596,Self-employed,34320,36,7.54,492,0.42,1,3,9744,1943,1
484,55,Male,53171,Part-time,25808,60,8.79,377,0.43,2,1,,1809,1
485,62,Female,130441,Unemployed,35154,60,14.19,384,0.53,0,1,,210,1
486,28,Male,116365,Unemployed,39773,12,20.04,329,0.55,1,2,26146,1991,1
487,25,Female,148218,Self-employed,32747,36,23.11,348,0.56,2,4,43687,1235,1
488,32,Male,,Unemployed,15860,48,21.71,444,0.15,1,1,47103,1091,1
489,50,Male,144014,Part-time,47838,36,8.94,368,0.37,0,1,22976,1813,1
490,57,Female,,Unemployed,47156,36,13.82,357,0.47,2,2,1591,634,1
491,46,Male,78713,Self-employed,23156,60,8.99,778,0.48,2,2,7277,1907,1
492,42,Male,59734,Part-time,25360,36,10.29,744,0.4,0,5,3260,1831,1
493,57,Female,102588,Self-employed,23135,36,15.07,595,0.18,2,3,,1017,0
494,31,Male,93646,Unemployed,30351,48,6.36,470,0.5,0,4,1347,1596,1
495,58,Female,33654,Self-employed,35499,60,9.36,446,0.46,2,5,25741,1496,1
496,30,Female,119022,Self-employed,28554,36,23.71,783,0.14,2,1,38211,1130,1
497,45,Female,48743,Full-time,24604,24,14.32,605,0.33,0,2,44856,890,0
498,56,Male,78368,Unemployed,21923,12,13.91,745,0.19,0,3,42542,1799,0
499,56,Male,120025,Unemployed,13547,48,5.29,520,0.27,2,5,7869,1732,1
500,57,Male,104172,Self-employed,49283,36,9.95,677,0.11,2,3,29082,1355,1
501,39,Female,36441,Full-time,38002,24,22.33,565,0.3,0,2,23080,1054,1
502,60,Male,149735,Unemployed,19562,36,8.29,394,0.37,3,5,29979,983,1
503,53,Female,54611,Part-time,12480,36,13.3,561,0.41,0,5,20422,518,1
504,45,Female,149891,Self-employed,31672,60,5.29,370,0.43,2,3,36613,1043,1
505,44,Male,,Unemployed,9213,60,14.57,518,0.52,2,2,23993,820,1
506,53,Female,42149,Part-time,15293,60,5.42,832,0.21,2,1,13386,984,1
507,58,Male,130102,Unemployed,39441,24,21.39,391,0.16,0,5,35033,1391,0
508,33,Male,89189,Part-time,7100,36,21.5,426,0.53,2,1,46213,596,1
509,34,Male,,Self-employed,49617,12,20.75,379,0.18,3,2,13938,1403,1
510,44,Male,51675,Unemployed,33172,48,10.67,537,0.59,1,5,12159,1281,1
511,46,Male,101031,Unemployed,25132,60,21.74,671,0.52,3,5,3274,1703,1
512,56,Female,72668,Full-time,23199,60,15.86,785,0.35,0,1,19854,1814,0
513,62,Female,43673,Self-employed,41609,36,12.48,324,0.59,2,4,,659,1
514,51,Female,106666,Part-time,47965,36,17.51,455,0.15,0,1,11482,260,1
515,38,Male,118204,Unemployed,13016,24,5.25,816,0.25,1,1,19961,568,0
516,41,Male,110758,Unemployed,44779,24,7.86,829,0.42,0,4,,1344,1
517,46,Male,95429,Part-time,42261,60,19.85,356,0.28,2,2,34836,918,1
518,43,Female,53669,Self-employed,36881,36,9.88,318,0.56,1,2,22975,745,1
519,34,Male,64068,Full-time,22058,12,16.96,683,0.13,1,5,15706,1805,0
520,40,Female,118789,Full-time,29472,48,12.7,492,0.37,2,3,6974,1240,1
521,57,Female,39435,Unemployed,46346,36,22.1,536,0.4,2,3,11928,695,1
522,33,Male,124088,Part-time,39926,36,24.05,686,0.43,2,5,22213,696,1
523,62,Male,,Unemployed,39832,24,22.67,725,0.23,0,3,2950,704,0
524,40,Female,67384,Part-time,41021,48,10.41,576,0.28,3,1,20477,1755,1
525,33,Male,,Full-time,29087,60,8.88,526,0.52,0,1,11411,1168,1
526,30,Female,106153,Self-employed,17828,36,14.49,622,0.2,0,4,22695,1538,0
527,28,Male,134056,Part-time,36128,60,5.15,452,0.51,3,4,47156,1292,1
528,49,Male,105388,Full-time,6401,36,5.52,536,0.38,2,5,18771,1950,1
529,35,Female,61401,Unemployed,24643,60,16.07,354,0.48,2,5,5274,360,1
530,52,Male,101831,Part-time,20193,48,15.41,735,0.46,3,5,36053,1837,1
531,40,Female,149503,Self-employed,31853,24,24.89,408,0.2,3,1,8045,917,1
532,37,Male,,Unemployed,49864,48,9.04,483,0.38,0,3,30714,1368,0
533,26,Female,131529,Unemployed,25307,12,10.16,667,0.53,1,5,35386,1792,1
534,56,Female,64084,Full-time,41982,24,7.27,497,0.32,3,5,44747,1818,1
535,33,Male,140641,Part-time,24611,48,23.35,670,0.58,0,1,9562,1192,1
536,46,Female,135111,Unemployed,48791,12,20.56,672,0.33,1,1,28759,1608,0
537,42,Male,85826,Self-employed,16950,36,21.45,,0.17,2,1,13026,468,0
538,57,Male,66451,Part-time,15704,36,23.06,500,0.29,2,3,41611,1677,1
539,44,Male,37227,Self-employed,48111,60,15.5,808,0.58,0,5,32589,898,1
540,37,Female,61910,Unemployed,16867,24,14.02,621,0.26,0,2,43663,1741,0
541,60,Female,66041,Self-employed,7745,36,11.61,574,0.53,3,2,32738,1064,1
542,63,Male,118920,Full-time,8866,24,16.78,510,0.54,2,5,27844,549,1
543,60,Male,95681,Self-employed,37245,36,14.09,803,0.28,0,5,24447,309,1
544,35,Female,133314,Part-time,49724,60,14.03,417,0.14,2,5,,1706,1
545,52,Male,111571,Self-employed,10818,48,23.74,341,0.46,2,5,12966,606,1
546,26,Male,95481,Self-employed,35116,60,24.68,614,0.26,3,3,18732,849,1
547,56,Female,98576,Full-time,20493,12,20.93,628,0.49,1,2,6289,250,0
548,44,Male,137958,Self-employed,33038,36,20.14,316,0.32,3,4,21012,1626,1
549,50,Female,94174,Self-employed,25447,12,18.61,582,0.34,0,2,19812,1786,1
550,64,Male,56160,Unemployed,35431,12,8.32,557,0.49,3,2,36801,1699,1
551,32,Female,,Unemployed,22908,24,6.18,318,0.29,3,1,42628,1310,1
552,39,Male,147867,Part-time,34336,36,18.81,828,0.32,2,5,41581,1291,1
553,33,Male,47633,Unemployed,45992,12,19.58,722,0.29,3,5,47628,795,0
554,30,Female,124880,Unemployed,9025,48,5.94,765,0.28,0,5,24092,1178,0
555,31,Male,47014,Unemployed,25093,12,23.56,672,0.36,1,1,26105,1265,1
556,38,Female,110532,Unemployed,11155,48,6.82,380,0.5,3,3,15294,930,1
557,59,Male,79104,Full-time,38487,24,10.72,847,0.28,3,3,4621,256,0
558,28,Female,71621,Unemployed,25963,12,18.45,723,0.36,1,4,33442,937,0
559,34,Female,107231,Full-time,25936,60,8.4,728,0.44,0,3,22699,395,0
560,61,Female,98388,Full-time,9426,24,6.11,687,0.23,0,3,3347,1983,1
561,63,Female,46014,Unemployed,28303,48,11.62,503,0.24,3,5,30486,1901,0
562,30,Male,122578,Self-employed,32606,24,20.32,495,0.57,2,2,48650,1285,1
563,48,Male,63755,Full-time,33151,12,13.27,584,0.46,3,3,18110,1486,1
564,23,Female,70390,Self-employed,18767,36,18.06,495,0.39,1,3,5923,311,1
565,26,Female,53711,Self-employed,16308,36,16.59,606,0.42,1,1,16611,964,1
566,50,Female,121658,Unemployed,49245,48,5.44,313,0.11,1,4,49135,910,0
567,58,Male,87993,Part-time,29770,48,24.77,445,0.41,3,1,20199,1401,1
568,59,Male,104696,Unemployed,33572,36,5.83,356,0.35,3,5,10066,1147,1
569,40,Male,57213,Part-time,46448,48,24.36,509,0.37,0,2,37047,225,0
570,29,Male,145788,Part-time,7204,24,16,828,0.28,2,4,27754,609,1
571,22,Female,,Unemployed,32233,60,24.26,643,0.14,3,1,37575,957,0
572,43,Female,87784,Unemployed,26729,60,7.3,578,0.2,0,3,25260,730,0
573,38,Female,37421,Part-time,36131,24,14.81,508,0.58,3,3,47733,1540,1
574,28,Male,116936,Unemployed,38870,60,8.39,634,0.3,0,4,49891,1755,1
575,46,Male,129073,Part-time,43011,12,6.02,587,0.33,0,3,17991,1329,0
576,25,Male,47727,Self-employed,44382,24,17.35,551,0.13,2,1,23553,948,1
577,57,Female,142418,Unemployed,46475,48,9.16,564,0.12,3,1,25174,1687,1
578,27,Female,34358,Self-employed,26607,24,16.75,570,0.46,0,3,22957,445,1
579,52,Male,95108,Full-time,29968,36,7.25,718,0.37,1,3,1634,1304,1
580,40,Female,124018,Self-employed,38398,48,11.64,510,0.35,1,5,,861,1
581,60,Male,62117,Self-employed,16908,36,20.63,664,0.22,1,2,13771,1108,1
582,48,Male,118700,Part-time,31423,48,13.74,375,0.47,2,4,19298,595,1
583,31,Female,,Self-employed,48615,60,17.55,620,0.18,0,1,15340,721,0
584,47,Male,128032,Unemployed,14171,24,17.95,732,0.19,2,4,,1959,1
585,40,Female,85754,Part-time,17721,12,21.88,408,0.33,3,5,36999,1125,1
586,60,Male,92438,Full-time,21616,48,11.5,821,0.24,3,1,7351,463,1
587,24,Female,139847,Unemployed,47512,48,18.75,346,0.22,0,5,4838,1884,1
588,34,Female,59371,Full-time,43458,36,24.23,678,0.42,1,5,2973,989,1
589,49,Female,81501,Self-employed,12659,60,19.6,395,0.43,0,3,48114,1497,1
590,41,Male,90946,Unemployed,48369,36,14.8,402,0.51,0,4,38812,1929,1
591,49,Male,68467,Unemployed,16704,36,17.61,445,0.31,0,4,11247,371,1
592,29,Female,47625,Full-time,37793,60,19.79,326,0.14,2,3,45440,464,1
593,62,Female,63893,Unemployed,36226,12,17.25,829,0.24,3,4,32655,1249,0
594,60,Male,106329,Unemployed,28852,36,5.33,381,0.59,0,3,44039,1692,1
595,22,Male,61007,Unemployed,37082,36,8.9,727,0.4,0,1,7683,675,0
596,24,Male,121302,Self-employed,27794,48,21.21,778,0.45,0,5,,555,0
597,34,Female,69532,Full-time,46420,60,10.45,461,0.1,2,5,30058,1249,1
598,49,Male,84253,Unemployed,18379,24,19.63,701,0.36,2,4,40551,233,0
599,46,Male,42323,Part-time,12006,12,12.44,807,0.12,2,2,39362,463,1
600,54,Female,141335,Part-time,13682,12,15.44,337,0.38,0,5,29371,1361,1
601,59,Male,142356,Part-time,38840,60,6.36,810,0.56,1,3,4822,1015,1
602,27,Male,140944,Part-time,37430,48,8.62,692,0.58,1,2,29878,1918,1
603,53,Male,,Self-employed,28091,48,24.14,793,0.37,1,2,37157,1074,0
604,42,Female,44210,Unemployed,37983,60,22.8,499,0.33,3,5,6914,953,1
605,37,Female,46456,Full-time,28989,48,18.05,,0.57,0,5,19164,765,1
606,42,Female,61367,Unemployed,14915,12,14.19,,0.44,1,5,28180,661,1
607,32,Female,84624,Self-employed,47552,12,18.52,846,0.13,1,3,4688,1391,0
608,58,Female,40106,Part-time,23990,24,17.37,688,0.33,1,2,15683,1854,0
609,57,Female,,Self-employed,29734,60,16.37,697,0.22,0,4,14080,854,1
610,56,Female,98008,Unemployed,19824,36,6.18,457,0.33,1,3,,280,0
611,40,Male,145395,Full-time,41081,36,17.66,303,0.33,1,1,,956,1
612,41,Male,146492,Self-employed,16033,24,20.38,466,0.39,0,5,30677,1069,0
613,39,Female,102240,Full-time,47736,24,24.88,767,0.28,3,2,28360,1630,1
614,62,Male,94315,Self-employed,21241,48,5.22,708,0.18,2,3,38805,1797,0
615,35,Male,99249,Full-time,10939,24,19.6,,0.35,1,1,14453,1269,0
616,36,Female,100587,Full-time,40063,24,16.44,503,0.52,2,3,23703,798,1
617,52,Male,40756,Part-time,39464,36,13.68,493,0.43,3,3,9640,1834,1
618,22,Male,98011,Full-time,16185,48,7.55,534,0.27,3,4,30263,1006,1
619,24,Male,66378,Part-time,32045,24,13.18,449,0.57,1,4,33849,1276,1
620,37,Male,34255,Unemployed,49769,24,12.09,458,0.56,0,3,40046,1183,1
621,44,Male,44484,Unemployed,24167,48,11.06,578,0.2,3,1,17078,903,1
622,32,Female,86549,Part-time,41412,60,19.62,703,0.12,2,2,24383,675,1
623,33,Female,64503,Part-time,26625,48,19.01,610,0.47,2,2,16536,791,1
624,31,Female,103794,Self-employed,44188,36,16.78,367,0.51,2,5,8410,215,1
625,53,Male,136283,Self-employed,32076,60,23.77,762,0.58,2,5,16926,1583,1
626,37,Female,130732,Self-employed,49605,12,12,387,0.54,3,2,49268,686,1
627,29,Male,75113,Unemployed,24029,48,9.88,516,0.4,1,3,35248,905,1
628,59,Male,135730,Self-employed,27973,36,18.12,300,0.37,1,3,32159,1725,1
629,33,Male,104069,Full-time,44121,60,8.98,434,0.11,2,4,43039,1364,1
630,45,Male,128117,Full-time,36433,48,11.3,650,0.22,1,4,37366,819,0
631,49,Female,35249,Self-employed,48309,24,9.49,,0.33,2,5,48800,1218,1
632,29,Female,149979,Full-time,6932,48,6.38,432,0.41,2,2,41761,976,1
633,49,Male,49201,Unemployed,49254,12,21.55,477,0.38,0,3,30090,646,0
634,57,Female,88576,Full-time,6757,48,10.09,657,0.47,3,2,21567,489,1
635,47,Male,148562,Unemployed,35722,60,14.46,,0.24,3,1,44663,408,0
636,29,Female,39686,Part-time,42853,60,5.87,749,0.38,2,2,16367,1698,1
637,49,Female,142413,Part-time,43405,48,18.99,762,0.14,3,1,41412,612,1
638,49,Male,,Part-time,6116,60,11.61,407,0.31,1,4,45716,876,0
639,58,Female,127543,Part-time,48527,24,19.89,421,0.48,2,4,36367,1650,1
640,62,Male,30661,Full-time,16691,48,13.25,316,0.45,0,5,,1594,1
641,57,Female,74843,Self-employed,5492,24,8.92,495,0.6,1,2,37621,863,1
642,48,Male,125673,Full-time,32882,24,15.26,626,0.24,0,2,35269,489,0
643,38,Male,90963,Unemployed,13811,36,7.61,617,0.35,0,1,42190,1655,0
644,30,Female,143092,Full-time,32808,48,13.81,778,0.26,3,4,41318,1491,0
645,54,Female,72828,Full-time,29272,60,11.35,551,0.32,3,1,38018,350,0
646,41,Male,78604,Unemployed,33399,24,23.24,802,0.53,2,4,40759,1942,1
647,34,Female,40526,Part-time,11474,36,6.22,418,0.44,3,1,17498,1478,1
648,49,Female,98910,Part-time,31956,48,18.88,797,0.54,0,4,26989,1576,0
649,50,Male,55592,Part-time,47506,48,8.66,785,0.2,0,1,38174,1600,0
650,34,Male,58982,Self-employed,18979,12,11.38,344,0.54,1,4,26568,1876,1
651,56,Female,30207,Unemployed,49523,12,13.31,613,0.13,0,1,2041,1054,1
652,27,Male,130969,Unemployed,47565,24,23.16,478,0.54,2,2,40695,1581,1
653,39,Male,147181,Full-time,33328,12,9.85,717,0.26,2,5,31099,807,0
654,26,Male,118733,Self-employed,17867,24,6.83,377,0.26,3,1,25364,569,1
655,46,Female,128936,Part-time,30851,60,11.37,625,0.36,3,5,41639,1450,1
656,23,Female,98619,Self-employed,36279,24,7.09,656,0.57,3,2,40143,904,1
657,31,Male,59328,Unemployed,35527,12,7.57,715,0.12,2,2,24482,1526,0
658,51,Female,76479,Unemployed,12866,60,16.48,814,0.28,0,4,4676,1025,0
659,26,Male,138427,Full-time,20449,12,6.22,513,0.53,3,5,,1204,1
660,54,Female,50103,Full-time,15685,24,5.62,373,0.3,1,3,22781,1612,1
661,22,Male,69891,Unemployed,28544,36,19.29,808,0.2,3,4,31048,576,0
662,39,Male,40754,Part-time,10451,48,12.23,631,0.31,2,5,4065,1172,1
663,53,Female,129983,Part-time,26642,12,7.51,392,0.29,3,1,3036,317,1
664,32,Male,111437,Self-employed,46316,24,10.07,,0.56,0,1,36814,1228,0
665,42,Female,128540,Unemployed,44954,60,17.84,568,0.48,3,2,17924,643,1
666,47,Female,102982,Unemployed,43870,12,10.51,675,0.35,2,3,33844,1575,1
667,46,Male,,Part-time,36030,12,14.89,303,0.59,2,1,49648,954,1
668,43,Male,85922,Part-time,35873,48,7.43,437,0.33,1,5,17407,1756,1
669,48,Female,78231,Unemployed,5619,24,16.76,530,0.13,2,5,22518,1887,1
670,34,Male,59301,Full-time,38650,36,11.32,828,0.23,1,1,18059,839,0
671,54,Male,121652,Unemployed,30372,60,17.54,351,0.32,0,5,24052,323,1
672,55,Male,,Unemployed,8642,24,21.17,624,0.18,2,5,5267,857,1
673,62,Male,71323,Part-time,33001,60,17.23,576,0.57,3,2,,1500,1
674,56,Male,48752,Part-time,39064,12,10.91,835,0.48,0,3,28974,1021,1
675,22,Female,127912,Full-time,34290,48,10.11,785,0.23,3,2,25036,1617,1
676,42,Female,112205,Full-time,19122,48,11.55,815,0.4,3,3,9680,863,1
677,27,Male,128452,Self-employed,29820,36,8.29,451,0.46,3,5,2485,559,1
678,49,Male,43395,Unemployed,7895,48,8.62,782,0.57,0,3,15713,822,1
679,38,Male,115957,Part-time,10366,12,20.81,558,0.54,0,5,21043,1692,0
680,26,Female,86273,Full-time,13711,36,12.69,623,0.36,2,5,3419,1851,1
681,52,Male,121878,Self-employed,24596,24,13.72,467,0.49,3,2,49080,1923,1
682,26,Female,34895,Self-employed,23793,48,16.88,609,0.38,1,2,37263,1280,0
683,59,Female,149968,Part-time,13199,36,16.79,778,0.38,2,4,18140,1474,1
684,24,Female,145700,Part-time,15717,12,6.35,355,0.16,0,1,44484,1118,1
685,44,Male,106559,Self-employed,41191,60,21.63,772,0.16,1,4,46210,1373,0
686,58,Female,40699,Full-time,15211,60,8.55,595,0.36,0,4,13961,651,0
687,58,Male,95061,Self-employed,28360,12,19.46,760,0.23,1,3,44075,1385,0
688,31,Female,39715,Unemployed,26542,12,20.45,623,0.11,2,5,7487,319,1
689,31,Male,49169,Unemployed,36312,60,19.3,440,0.46,1,5,,781,1
690,40,Female,148413,Part-time,41435,36,16.58,561,0.12,2,5,43432,1574,0
691,38,Male,46163,Full-time,33247,60,5.29,719,0.4,0,1,17360,298,0
692,42,Female,149264,Full-time,27357,12,12.21,540,0.37,1,3,,1390,0
693,35,Male,35782,Unemployed,46045,48,17.1,654,0.58,3,3,25882,1886,1
694,30,Male,118177,Self-employed,32691,24,12.75,479,0.34,3,5,18502,713,1
695,22,Male,114328,Part-time,17424,48,22.27,365,0.13,0,4,49053,863,1
696,34,Male,145028,Self-employed,23852,48,11.18,647,0.38,1,1,8631,600,0
697,25,Female,65585,Self-employed,27601,12,10.87,470,0.52,3,4,4017,564,1
698,22,Female,60682,Self-employed,23020,60,10.32,773,0.6,2,2,21725,1800,1
699,61,Male,77864,Full-time,13155,36,11.66,833,0.32,1,3,25762,1549,0
700,53,Female,114416,Unemployed,8583,48,16.15,666,0.26,1,3,1784,780,0
701,55,Male,85114,Full-time,20515,60,19.14,406,0.55,3,4,29020,1856,1
702,49,Male,68067,Unemployed,41777,36,18.25,738,0.2,2,1,39459,820,0
703,52,Female,72685,Part-time,24710,48,21.15,526,0.41,2,3,16765,1027,1
704,29,Male,48073,Part-time,48178,36,22.72,743,0.3,2,4,32127,446,1
705,60,Male,66035,Self-employed,29532,60,21.32,,0.12,1,1,4196,633,0
706,47,Female,94977,Unemployed,23601,24,5.38,695,0.27,0,4,10552,1316,0
707,55,Male,132710,Unemployed,9967,60,19.72,383,0.23,1,1,42300,1491,1
708,24,Male,120373,Unemployed,23753,12,9.17,312,0.44,1,5,32921,814,1
709,33,Male,113362,Self-employed,25022,36,7.66,792,0.57,3,1,5746,1142,1
710,22,Male,120517,Self-employed,48463,24,17.77,567,0.23,0,2,3999,1162,1
711,26,Female,95450,Part-time,14135,36,11.39,824,0.51,2,5,45070,823,1
712,51,Female,40382,Full-time,10722,36,6.14,419,0.13,3,4,16595,520,1
713,51,Female,34437,Unemployed,32413,48,7.75,652,0.37,1,5,23063,1055,1
714,38,Male,100971,Unemployed,32236,12,5.02,356,0.14,0,5,7200,261,1
715,44,Male,,Full-time,20514,36,23.06,339,0.57,2,4,39164,499,1
716,36,Female,120355,Unemployed,48896,60,5.49,635,0.48,2,4,24377,602,1
717,58,Male,91929,Self-employed,42212,60,9.19,472,0.43,1,2,,1154,1
718,42,Male,132411,Self-employed,45386,48,13.33,846,0.51,2,4,46971,1871,0
719,35,Male,127518,Unemployed,25331,12,12.13,558,0.42,2,3,4598,1790,0
720,23,Male,128864,Self-employed,23060,12,23.23,816,0.58,0,3,11564,1843,1
721,32,Female,42329,Self-employed,6196,60,5.81,822,0.46,3,2,46516,1526,1
722,60,Female,55169,Unemployed,17297,24,15.24,416,0.56,0,1,31898,1993,0
723,59,Female,117468,Part-time,7787,48,18.61,483,0.36,3,1,21598,452,1
724,55,Male,64594,Full-time,28816,48,23.63,415,0.16,3,3,41404,1957,1
725,59,Female,106957,Self-employed,45695,60,17.41,,0.36,3,4,,677,1
726,55,Female,90631,Part-time,24702,60,21.08,842,0.16,2,2,11265,1592,0
727,39,Male,75033,Self-employed,30242,24,6.67,536,0.4,0,1,10705,1902,1
728,51,Male,93133,Self-employed,7176,24,12.72,365,0.34,2,1,26544,359,1
729,36,Female,103165,Full-time,25127,12,12.48,369,0.41,1,5,15298,1160,1
730,48,Female,103861,Self-employed,46560,48,22.73,746,0.11,0,3,33670,1389,0
731,55,Female,82290,Full-time,32228,48,8.03,715,0.2,3,4,43471,404,0
732,59,Female,124031,Full-time,25208,60,8.04,831,0.35,2,2,47104,1490,0
733,54,Male,61750,Full-time,33482,12,11.57,740,0.58,2,1,41934,1361,1
734,45,Female,125155,Part-time,14171,48,6.09,763,0.29,0,5,49884,1591,0
735,36,Female,70461,Unemployed,40219,12,8.65,695,0.31,0,3,7050,1666,1
736,51,Male,103800,Part-time,38396,12,24.3,694,0.46,3,3,44952,1057,1
737,63,Female,108222,Unemployed,47589,60,13.56,625,0.4,3,2,22034,959,1
738,38,Male,142020,Unemployed,45546,12,17.64,390,0.25,1,1,46480,1790,1
739,26,Male,54226,Full-time,8696,24,19.52,369,0.31,3,2,9484,920,1
740,50,Male,36721,Self-employed,25058,24,12.34,465,0.21,2,2,32323,1240,1
741,25,Female,86154,Full-time,25313,36,7.94,513,0.58,1,5,21796,267,1
742,31,Female,,Self-employed,24149,60,9.13,634,0.17,1,3,30069,332,0
743,38,Male,82130,Unemployed,46075,36,11.27,668,0.29,1,4,22827,1923,0
744,31,Female,102909,Full-time,9956,24,17.72,348,0.11,0,3,36361,1118,1
745,38,Female,134211,Self-employed,15195,36,12.97,351,0.21,3,3,11315,629,1
746,41,Male,85249,Part-time,22076,60,5.14,588,0.49,1,5,48968,507,1
747,45,Male,78895,Self-employed,6105,60,15.47,538,0.2,0,4,27519,849,1
748,26,Female,124473,Full-time,20417,12,23.43,,0.14,0,1,10107,1397,1
749,55,Male,35656,Part-time,29729,48,21.24,465,0.34,1,4,4869,611,1
750,27,Female,104520,Self-employed,35099,12,21.5,673,0.1,1,1,16447,296,0
751,23,Female,93740,Self-employed,37598,60,20.9,672,0.14,2,4,28370,1906,1
752,34,Female,94309,Self-employed,34961,24,11.47,777,0.5,1,2,,1377,1
753,64,Female,,Self-employed,17602,24,20.3,778,0.49,2,4,32269,1918,1
754,64,Male,,Self-employed,14256,12,7.86,599,0.56,1,5,26651,1465,1
755,32,Male,103822,Part-time,25584,60,18.15,381,0.53,1,1,36757,1527,1
756,44,Male,35901,Unemployed,39681,24,17.83,386,0.44,3,3,24446,1508,1
757,37,Male,61552,Part-time,30792,60,5.51,524,0.13,1,5,39108,1250,0
758,52,Female,121245,Part-time,26904,24,20.76,315,0.49,1,1,10643,1625,1
759,32,Female,61055,Part-time,48361,60,23.06,657,0.52,2,1,4823,1583,1
760,37,Male,67685,Unemployed,39540,36,10.35,462,0.5,2,3,14454,1283,1
761,29,Female,103965,Full-time,31536,60,21.25,813,0.35,3,2,4932,401,1
762,25,Female,44716,Unemployed,24164,60,6.65,649,0.22,1,5,11220,961,0
763,61,Female,,Part-time,17996,12,17,763,0.52,1,3,9554,1073,1
764,25,Male,41138,Self-employed,7871,36,14.71,674,0.46,2,3,3429,780,1
765,46,Male,65298,Self-employed,27626,48,15.92,391,0.59,0,2,29208,569,1
766,24,Male,81112,Part-time,15521,12,23.52,480,0.18,0,5,8444,732,1
767,53,Female,53429,Self-employed,48410,48,22.43,600,0.21,0,3,11510,1375,1
768,24,Male,80200,Part-time,6132,24,20.7,488,0.21,2,2,45045,1325,1
769,48,Male,101308,Self-employed,38467,48,10.47,613,0.5,2,5,11537,1098,1
770,50,Male,78244,Unemployed,19534,60,23.24,792,0.19,0,4,8147,806,0
771,53,Male,147217,Full-time,28854,48,6.95,427,0.13,0,1,41399,1669,1
772,40,Male,144055,Full-time,47998,12,22.07,818,0.6,1,2,4598,1072,1
773,42,Male,131268,Unemployed,44065,12,11.56,725,0.11,2,1,38097,1452,1
774,26,Female,135441,Unemployed,12812,48,6.08,486,0.52,2,4,7718,1348,1
775,39,Female,47347,Part-time,9557,12,18.39,849,0.28,0,3,43691,969,0
776,49,Male,46920,Part-time,7179,12,9.63,752,0.52,0,3,14782,1033,1
777,63,Male,61822,Part-time,48798,48,9.87,,0.38,3,5,1051,1198,1
778,43,Female,76659,Self-employed,14065,36,11.12,523,0.55,2,2,17702,1137,1
779,42,Female,70108,Part-time,13275,36,6.27,453,0.56,3,2,11184,435,1
780,27,Male,119099,Unemployed,40948,24,8.54,650,0.1,1,5,13468,361,1
781,22,Male,37967,Full-time,25700,12,5.1,446,0.14,3,1,23072,753,1
782,26,Male,,Self-employed,44464,48,13.91,648,0.23,0,3,16479,987,0
783,62,Male,41871,Part-time,47351,12,6.69,481,0.43,2,3,29467,1576,1
784,33,Female,124299,Self-employed,32794,60,18.65,478,0.54,2,2,24402,1291,1
785,47,Male,107452,Self-employed,33783,12,9.71,338,0.33,3,2,8210,1396,1
786,55,Male,104270,Part-time,21998,12,23.87,302,0.4,3,5,46702,1860,1
787,35,Male,63613,Self-employed,18869,36,22.43,363,0.19,1,4,37724,1905,1
788,47,Male,,Full-time,49525,48,10.79,328,0.5,1,1,7057,758,1
789,48,Female,82188,Unemployed,33152,12,20.66,671,0.58,0,4,31916,460,1
790,30,Female,85099,Unemployed,25954,36,21.06,822,0.23,0,4,28268,416,1
791,47,Female,65262,Full-time,36555,24,24.73,396,0.35,0,2,44978,1347,1
792,43,Male,108213,Self-employed,21654,36,16.96,741,0.14,3,2,48358,1004,1
793,51,Male,147407,Part-time,40236,36,6.64,502,0.38,3,2,24259,1385,1
794,64,Female,48268,Self-employed,20042,36,17.94,710,0.35,2,4,14864,400,1
795,38,Male,107866,Full-time,30966,12,17.5,320,0.17,0,1,35293,1677,0
796,47,Male,116269,Self-employed,49314,12,17.77,401,0.32,3,2,47045,601,1
797,57,Female,90545,Unemployed,19270,24,11.14,345,0.27,2,3,8043,1685,1
798,22,Female,133483,Self-employed,35908,60,22.19,365,0.36,0,1,42473,474,1
799,29,Female,122822,Full-time,20523,60,24.19,463,0.39,1,3,39893,405,1
800,56,Female,102146,Unemployed,24991,60,9.35,410,0.1,1,1,,1263,1
801,36,Male,101966,Self-employed,15775,24,6.76,637,0.48,3,2,13529,1496,1
802,43,Male,69922,Self-employed,17265,60,8.89,422,0.46,2,5,31868,1923,1
803,35,Female,109364,Unemployed,24459,60,21.41,746,0.28,1,2,27309,1066,1
804,47,Male,72913,Part-time,21673,36,18.53,590,0.13,2,4,24284,292,1
805,49,Female,127033,Unemployed,32056,12,17.72,711,0.48,2,4,48723,1265,1
806,44,Female,134792,Part-time,11614,12,13.04,580,0.58,1,1,36268,1688,0
807,35,Male,149425,Full-time,41020,36,16.56,342,0.22,2,4,4464,578,1
808,45,Female,85677,Full-time,12415,36,11.16,785,0.26,1,2,19643,1330,1
809,23,Male,132154,Unemployed,28155,36,14.54,350,0.19,3,3,30265,1551,1
810,47,Male,,Unemployed,48884,12,20.86,509,0.39,0,2,16954,264,1
811,35,Male,76332,Full-time,21964,60,24.62,425,0.18,0,1,24880,564,1
812,28,Male,122062,Part-time,42726,36,23.65,791,0.28,3,4,20043,1020,1
813,24,Female,149863,Full-time,42044,24,23.68,808,0.45,1,3,,1707,0
814,44,Male,125694,Unemployed,42544,36,13.04,557,0.38,1,5,2502,1870,1
815,64,Female,55032,Full-time,37252,48,14.38,487,0.29,1,3,,1247,1
816,39,Female,67846,Unemployed,8832,36,19.11,529,0.31,1,3,11302,739,1
817,59,Female,89474,Unemployed,30275,12,23.44,488,0.38,3,2,6430,1285,1
818,56,Female,74936,Full-time,19901,36,7.84,714,0.1,0,5,42366,690,0
819,36,Male,59794,Part-time,43213,48,11.08,309,0.14,2,1,28425,1496,1
820,46,Male,91588,Self-employed,39148,24,7.78,413,0.54,2,1,49744,428,1
821,58,Female,100984,Full-time,47633,60,17.24,375,0.14,0,3,2860,1243,1
822,49,Female,80331,Self-employed,27918,36,11.13,801,0.45,3,3,7158,202,1
823,31,Male,124397,Full-time,24540,48,11.52,384,0.56,2,4,6806,1644,1
824,60,Female,58141,Self-employed,16580,48,6.42,348,0.24,0,5,21738,1953,1
825,38,Male,39074,Part-time,43402,24,12,794,0.29,3,3,18106,1110,1
826,60,Female,36406,Part-time,43578,12,22.25,686,0.38,2,4,10474,506,1
827,43,Male,127359,Full-time,29917,36,9.66,688,0.54,1,5,17997,631,1
828,47,Female,53291,Unemployed,27318,48,18.9,517,0.57,1,1,33599,335,1
829,46,Female,71568,Self-employed,15179,24,17.59,645,0.47,3,4,6790,714,1
830,38,Male,127539,Unemployed,17251,60,22.27,529,0.14,1,5,11170,392,1
831,34,Female,76851,Unemployed,24493,48,7.65,554,0.43,3,4,,1808,1
832,41,Female,129942,Unemployed,25466,24,24.55,535,0.31,0,3,43746,1638,1
833,46,Male,84823,Part-time,35206,12,16.65,325,0.34,0,2,26792,1072,1
834,25,Female,53312,Full-time,24624,12,24.91,560,0.12,2,1,31216,1341,0
835,31,Male,73108,Full-time,31564,48,23.23,570,0.2,3,3,8232,865,1
836,24,Male,96918,Part-time,27412,48,9.43,422,0.5,2,3,13674,408,1
837,62,Female,64171,Part-time,32990,36,6.12,556,0.33,2,5,17052,1151,1
838,39,Female,71779,Full-time,40517,24,10.11,720,0.25,0,4,49542,1257,0
839,57,Female,98828,Unemployed,18156,48,15.55,558,0.29,2,1,6913,848,1
840,43,Female,137315,Self-employed,28064,36,8.43,346,0.53,1,3,47870,1541,1
841,55,Female,128723,Self-employed,30711,36,8.35,824,0.47,2,5,49157,319,1
842,29,Female,42411,Self-employed,35106,48,14.25,507,0.24,3,1,28913,826,1
843,61,Female,132821,Unemployed,21589,12,5.67,610,0.16,1,4,11567,724,0
844,40,Male,147990,Full-time,28736,24,7.44,448,0.23,0,3,39379,1804,1
845,63,Female,,Part-time,25975,24,13.32,737,0.56,3,3,10432,968,1
846,62,Male,45422,Full-time,41218,12,6.26,454,0.39,1,3,1319,1312,1
847,58,Female,72468,Unemployed,12214,48,12.94,389,0.37,3,1,25469,711,1
848,27,Female,62371,Part-time,35581,24,14.48,657,0.4,1,1,46454,246,0
849,47,Male,,Unemployed,25195,48,14.03,473,0.28,3,1,27490,971,1
850,55,Female,101229,Self-employed,49582,48,22.38,516,0.5,3,1,21584,939,1
851,27,Female,129071,Self-employed,32127,36,15.6,755,0.36,1,5,5791,1915,1
852,58,Male,81196,Unemployed,10141,12,14.36,498,0.16,0,2,32736,721,0
853,54,Female,110354,Part-time,33884,48,13.21,785,0.16,0,5,1329,1507,0
854,43,Female,126774,Part-time,29885,60,21.35,832,0.37,3,3,9851,1600,1
855,42,Female,126410,Full-time,7708,12,22.9,499,0.57,3,5,45078,1861,1
856,27,Male,56715,Self-employed,23375,24,22.06,670,0.25,0,4,24126,333,0
857,27,Female,57605,Full-time,20088,36,18.47,747,0.53,0,1,,1890,1
858,25,Female,129853,Full-time,49602,24,7.75,547,0.48,2,4,,447,1
859,51,Female,61174,Unemployed,15014,24,10.54,563,0.22,0,4,25509,1875,0
860,32,Female,39956,Unemployed,8273,12,5.92,357,0.12,3,3,6703,1541,1
861,51,Male,134444,Full-time,42306,24,23.62,601,0.15,1,1,28109,635,1
862,52,Male,106373,Self-employed,35881,48,18.22,330,0.46,0,4,44417,1399,1
863,45,Female,99252,Unemployed,36486,24,19.93,797,0.2,2,3,23554,885,0
864,30,Female,91949,Full-time,17541,36,11.23,548,0.29,2,1,28676,785,1
865,24,Male,92646,Full-time,13712,36,21.91,,0.35,2,2,24804,550,1
866,52,Male,100017,Full-time,14168,60,10.19,693,0.46,1,3,46440,342,1
867,61,Female,93037,Full-time,8551,36,5.03,801,0.16,0,5,37923,1166,1
868,58,Male,119818,Full-time,17297,24,12.53,383,0.3,0,1,30802,1003,1
869,57,Female,36548,Full-time,48733,36,16.42,664,0.34,0,4,25795,1621,1
870,45,Male,146981,Unemployed,32128,12,14.57,848,0.37,1,4,3611,1847,0
871,52,Male,133141,Self-employed,7832,36,22.24,641,0.51,1,5,,917,1
872,27,Male,103294,Full-time,33483,48,7.11,706,0.19,3,5,17479,842,1
873,23,Male,139204,Part-time,27063,12,16.08,724,0.5,2,4,10180,1592,1
874,41,Female,53177,Unemployed,27963,60,15.26,392,0.45,2,1,10304,700,1
875,49,Male,54022,Unemployed,18422,48,10.63,711,0.38,0,3,15610,1845,0
876,32,Male,136297,Full-time,37920,24,21.44,731,0.45,1,5,9437,569,0
877,25,Female,35542,Unemployed,16156,24,20.06,458,0.31,1,5,44118,1802,1
878,36,Male,121012,Full-time,16108,24,19.66,313,0.17,0,5,13521,1605,1
879,27,Male,126320,Self-employed,36845,48,22.52,672,0.43,0,2,25028,1309,0
880,51,Female,90428,Self-employed,7800,48,19.46,524,0.36,3,1,40328,986,1
881,59,Male,52740,Unemployed,43078,48,9.64,804,0.42,2,1,28301,938,1
882,23,Female,89353,Unemployed,47712,12,19.11,372,0.27,2,1,39015,1683,1
883,36,Female,120353,Part-time,7610,12,11.15,548,0.55,2,1,22740,1149,1
884,32,Female,143132,Unemployed,17067,24,9.84,810,0.39,3,1,37845,1548,0
885,29,Female,86532,Part-time,38872,36,6.46,515,0.14,0,4,22282,721,0
886,47,Male,46052,Self-employed,15728,24,19.88,840,0.32,0,5,11858,688,0
887,26,Female,,Self-employed,34566,60,19.22,519,0.48,2,4,45159,596,1
888,27,Male,77076,Full-time,34783,12,9.69,520,0.5,2,2,44714,1095,1
889,47,Male,83420,Self-employed,25583,48,19.99,688,0.35,3,3,16186,554,1
890,25,Male,30671,Part-time,25238,12,23.36,,0.55,1,5,35185,1146,1
891,40,Male,30163,Unemployed,12263,48,7.16,582,0.23,1,2,32194,487,0
892,41,Male,71424,Full-time,6914,60,9.65,357,0.31,2,4,26230,1682,1
893,54,Male,139538,Part-time,28749,60,20.01,836,0.55,3,3,28018,1847,1
894,41,Male,83744,Unemployed,24456,12,10.49,372,0.55,2,2,25665,1197,1
895,33,Male,100331,Full-time,30582,48,17.49,428,0.44,1,3,42722,735,1
896,22,Male,40634,Self-employed,5406,60,6.62,725,0.53,2,2,47359,1514,1
897,47,Male,34798,Part-time,18689,24,14.04,424,0.14,1,4,41159,1050,1
898,35,Female,52420,Unemployed,37934,24,19.78,366,0.53,1,3,45132,1037,1
899,59,Female,147043,Full-time,38276,48,18.73,305,0.26,1,2,44139,367,1
900,58,Female,59300,Full-time,41432,12,21.3,613,0.19,0,4,22516,1149,1
901,32,Male,119881,Self-employed,24873,60,22.55,625,0.22,0,5,36272,820,0
902,57,Female,40749,Unemployed,18050,12,20.46,805,0.31,2,4,25673,627,1
903,34,Female,134131,Self-employed,5680,24,18.43,381,0.23,1,4,6239,1925,1
904,64,Female,55121,Self-employed,23908,60,5.63,,0.26,0,5,27415,689,1
905,24,Male,67487,Unemployed,23504,12,15.7,503,0.17,2,4,38888,554,1
906,54,Male,123947,Unemployed,26644,36,5.75,703,0.25,2,5,28195,395,1
907,27,Male,,Unemployed,42125,48,21.16,402,0.39,2,5,40161,744,1
908,31,Male,51223,Part-time,6363,48,11.41,835,0.32,2,5,30323,916,0
909,26,Female,102930,Unemployed,47291,36,16.25,667,0.27,2,2,35964,1023,0
910,44,Female,44056,Full-time,40060,24,10.59,511,0.47,3,3,37234,1131,1
911,31,Female,,Self-employed,6538,60,20.65,,0.55,1,2,31763,1917,1
912,23,Female,56035,Part-time,41176,48,22.73,416,0.48,2,5,35674,1202,1
913,34,Male,60620,Unemployed,46520,36,12.97,777,0.27,3,3,19105,858,1
914,61,Male,49877,Part-time,30675,36,22.26,404,0.47,1,3,45651,1138,0
915,23,Male,85316,Unemployed,23287,24,10.34,794,0.18,0,5,,979,0
916,41,Female,94041,Part-time,5174,24,15.69,345,0.17,2,3,49205,210,1
917,22,Male,138940,Self-employed,31732,12,22.18,630,0.27,3,3,32969,1805,0
918,58,Male,147360,Self-employed,39998,48,11.52,515,0.5,0,2,15497,1479,1
919,30,Female,83352,Full-time,42055,12,24.08,791,0.22,3,3,2816,595,1
920,38,Female,60911,Full-time,17112,36,7.44,748,0.13,1,5,27483,930,1
921,30,Male,62784,Unemployed,44874,60,5.37,835,0.17,1,1,44481,608,0
922,32,Male,33191,Self-employed,14689,60,23.08,810,0.53,0,1,23159,561,1
923,36,Male,63160,Part-time,49814,24,6.37,757,0.42,3,1,4849,1482,1
924,45,Male,,Part-time,24555,60,24.84,846,0.23,2,5,22612,1226,1
925,59,Male,134576,Part-time,38919,60,24.03,835,0.38,2,1,40617,283,0
926,56,Male,94641,Full-time,12619,60,7.74,839,0.36,0,2,34826,355,0
927,51,Female,79723,Part-time,11033,36,15.75,783,0.43,0,5,45498,1886,0
928,52,Female,33631,Full-time,46328,60,8.7,315,0.22,0,5,19706,1399,1
929,26,Female,36172,Full-time,9946,60,13.56,542,0.53,3,5,25563,906,1
930,35,Male,72080,Unemployed,29618,60,6.23,506,0.25,2,3,5359,671,1
931,32,Female,119097,Part-time,39675,12,9.48,570,0.45,2,3,31669,818,1
932,30,Male,120353,Part-time,41258,36,12.27,414,0.11,2,3,13809,1647,1
933,55,Male,50281,Self-employed,23919,24,13.77,598,0.29,0,4,39428,333,0
934,33,Female,58671,Unemployed,9173,12,24.55,782,0.28,2,2,,987,1
935,56,Male,81431,Self-employed,48833,48,21.16,696,0.37,1,5,8254,1106,0
936,56,Male,120900,Unemployed,31400,36,19.75,693,0.14,0,5,46590,1063,0
937,22,Female,137210,Part-time,9769,36,15.74,374,0.5,2,3,25785,1603,1
938,61,Female,122961,Full-time,42564,48,21.8,781,0.21,3,5,3093,866,1
939,43,Female,145463,Full-time,19211,48,11.79,402,0.44,0,5,45498,476,1
940,50,Male,58602,Full-time,28255,48,19.18,596,0.5,1,1,,1459,1
941,29,Female,118789,Full-time,32962,24,24.88,477,0.38,1,5,33009,1975,1
942,32,Female,81399,Full-time,24356,60,11.29,514,0.47,3,4,17558,1081,1
943,62,Male,53472,Self-employed,25306,36,18.48,614,0.43,3,3,18718,212,0
944,58,Female,79230,Unemployed,9997,60,21.89,338,0.28,0,2,17705,541,1
945,35,Female,103616,Part-time,22376,60,23.32,558,0.5,0,2,23082,234,1
946,51,Female,37099,Self-employed,45880,48,19.36,306,0.25,1,1,13342,758,1
947,56,Male,148614,Unemployed,43055,24,10.67,348,0.39,3,2,13239,1437,1
948,42,Male,55431,Full-time,15578,12,11.53,837,0.47,0,2,47622,1635,0
949,58,Male,86492,Unemployed,23624,24,5.42,460,0.29,1,3,47665,604,1
950,26,Male,126722,Unemployed,44194,60,20.22,475,0.25,3,3,33274,1717,1
951,40,Female,77684,Full-time,49367,24,5.85,301,0.33,1,4,12419,857,1
952,35,Male,60111,Full-time,5389,48,22.29,754,0.51,2,1,43832,358,1
953,47,Male,135387,Full-time,38767,12,7.37,575,0.56,3,2,16003,1155,1
954,25,Female,93936,Part-time,6855,48,8.44,797,0.37,0,4,31866,1860,0
955,46,Female,52614,Full-time,45893,12,14.53,327,0.43,0,1,22988,1333,1
956,63,Female,122260,Part-time,18794,60,19.76,632,0.55,2,2,44027,748,1
957,46,Male,71991,Full-time,40531,12,7.78,300,0.15,3,2,25908,1749,1
958,39,Male,100476,Part-time,9986,12,13.8,487,0.22,1,3,6674,1184,1
959,61,Male,147959,Unemployed,37298,12,14.66,355,0.45,0,5,6002,1570,1
960,29,Female,90920,Self-employed,6481,24,9.25,,0.51,2,1,28567,1967,1
961,60,Female,124294,Unemployed,8731,24,7.31,411,0.53,2,2,1910,1859,1
962,61,Male,93530,Unemployed,21835,60,21.73,609,0.31,3,1,30072,478,0
963,35,Female,66224,Full-time,32798,12,15.05,335,0.14,3,4,34717,678,0
964,53,Female,37788,Part-time,31113,36,5.29,738,0.32,0,4,22809,310,0
965,59,Female,58082,Self-employed,24477,60,21.06,624,0.22,2,5,27651,1859,1
966,54,Male,119570,Full-time,22266,12,24.62,606,0.25,1,2,45291,630,0
967,44,Female,131015,Full-time,25792,12,17.12,833,0.49,2,3,44989,741,1
968,36,Female,106816,Full-time,25452,24,15.07,408,0.14,1,2,17484,1338,1
969,54,Male,,Unemployed,48526,60,22.57,671,0.51,1,1,5646,1313,1
970,46,Male,46531,Part-time,46334,12,24.05,656,0.31,0,4,40713,1435,1
971,38,Female,118340,Part-time,16889,12,20.09,480,0.4,2,1,3400,1773,1
972,54,Female,124439,Self-employed,29335,60,13.91,655,0.14,1,5,45331,1818,0
973,23,Male,74857,Part-time,16254,36,16.84,367,0.27,3,4,,1762,1
974,35,Male,40142,Part-time,26074,60,19.02,591,0.14,1,3,19727,1952,1
975,61,Female,145053,Full-time,16442,60,8.89,480,0.58,3,4,34120,559,1
976,61,Female,78355,Full-time,42327,36,13.94,765,0.5,3,2,49257,1709,1
977,60,Female,39866,Unemployed,21199,60,21.6,733,0.33,2,2,2018,571,1
978,27,Female,100067,Full-time,12291,12,18.09,763,0.21,3,4,18563,1438,0
979,27,Male,140990,Full-time,45928,60,13.22,833,0.57,1,5,6193,1956,1
980,24,Female,,Full-time,5112,36,18.27,365,0.27,3,2,16701,1238,1
981,28,Female,133814,Full-time,26515,48,7.36,320,0.18,2,2,4536,1154,1
982,29,Male,94027,Unemployed,24581,60,13.03,683,0.38,0,3,49217,458,0
983,63,Female,87906,Full-time,31500,24,20.86,,0.57,1,4,45610,977,0
984,36,Male,58138,Self-employed,37026,12,9.41,584,0.1,1,2,19886,1686,0
985,50,Female,122601,Self-employed,21523,12,8.72,,0.22,2,5,37587,319,1
986,54,Female,59956,Self-employed,6424,24,24.02,,0.57,2,1,30410,1175,1
987,51,Male,137268,Self-employed,24552,24,9.2,542,0.19,2,4,34744,1112,1
988,60,Male,134797,Full-time,15808,60,10.22,372,0.16,2,3,39665,1351,1
989,48,Female,106295,Self-employed,43811,24,24.39,778,0.39,1,2,16957,922,1
990,57,Female,35439,Full-time,11989,48,19.69,400,0.53,0,5,49127,722,1
991,50,Female,77241,Unemployed,28620,36,18.99,813,0.34,3,4,47008,1911,0
992,59,Male,72533,Self-employed,44029,24,22.06,475,0.6,3,5,33875,1868,1
993,54,Female,58270,Part-time,5887,24,7.32,537,0.44,0,5,49292,524,1
994,58,Male,108815,Self-employed,36802,48,19.12,358,0.14,0,3,2626,1543,0
995,48,Male,69279,Self-employed,24488,12,15.07,398,0.6,0,4,26279,1729,1
996,54,Female,139787,Full-time,35013,12,21.58,794,0.3,2,2,7229,1749,1
997,25,Male,53888,Self-employed,21402,60,15.16,813,0.24,1,3,7877,1273,1
998,43,Female,47630,Part-time,26205,48,17.4,596,0.38,1,2,34642,1807,0
999,23,Female,91063,Full-time,31049,36,14.55,510,0.25,1,1,39311,268,1
1000,31,Female,148527,Full-time,17253,36,14.56,422,0.14,2,5,33356,590,1
